---,X,Y,Z,VX,VY,VZ,pitch,yaw,roll,bisBridgeOut
NewRow,"0","0","0","0","0","0","0","0","0","False"
Player State1,"-15","-5","13","0","0","0","0","0","0","False"
Player State2,"-15","-5","13","0","0","0","0","0","0","False"
Player State3,"-15","-5","13","0","0","0","0","0","0","False"
Player State4,"-15","-5","13","0","0","0","0","0","0","False"
Player State5,"-15","-5","13","0","0","0","0","0","0","False"
Player State6,"-15","-5","13","0","0","0","0","0","0","False"
Player State7,"-15","-5","13","0","0","0","0","0","0","False"
Player State8,"-15","-5","13","0","0","0","0","0","0","False"
Player State9,"-15","-5","13","0","0","0","0","0","0","False"
Player State10,"-15","-5","13","0","0","0","0","0","0","False"
Player State11,"-15","-5","13","0","0","0","0","0","0","False"
Player State12,"-15","-5","13","0","0","0","0","0","0","False"
Player State13,"-15","-5","13","0","0","0","0","0","0","False"
Player State14,"-15","-5","13","0","0","0","0","0","0","False"
Player State15,"-15","-5","13","0","0","0","0","0","0","False"
Player State16,"-15","-5","13","0","0","0","0","0","0","False"
Player State17,"-15","-5","13","0","0","0","0","0","0","False"
Player State18,"-15","-5","13","0","0","0","0","0","0","False"
Player State19,"-15","-5","13","0","0","0","0","0","0","False"
Player State20,"-15","-5","13","0","0","0","0","0","0","False"
Player State21,"-15","-5","13","0","0","0","0","0","0","False"
Player State22,"-15","-5","13","0","0","0","0","0","0","False"
Player State23,"-15","-5","13","0","0","0","0","0","0","False"
Player State24,"-15","-5","13","0","0","0","0","0","0","False"
Player State25,"-15","-5","13","0","0","0","0","0","0","False"
Player State26,"-15","-5","13","0","0","0","0","0","0","False"
Player State27,"-15","-5","13","0","0","0","0","0","0","False"
Player State28,"-15","-5","13","0","0","0","0","0","0","False"
Player State29,"-15","-5","13","0","0","0","0","0","0","False"
Player State30,"-15","-5","13","0","0","0","0","0","0","False"
Player State31,"-15","-5","13","0","0","0","0","0","0","False"
Player State32,"-15","-5","13","0","0","0","0","0","0","False"
Player State33,"-15","-5","13","0","0","0","0","0","0","False"
Player State34,"-15","-5","13","0","0","0","0","0","0","False"
Player State35,"-15","-5","13","0","0","0","0","0","0","False"
Player State36,"-15","-5","13","0","0","0","0","0","0","False"
Player State37,"-15","-5","13","0","0","0","0","0","0","False"
Player State38,"-15","-5","13","0","0","0","0","0","0","False"
Player State39,"-15","-5","13","0","0","0","0","0","0","False"
Player State40,"-15","-5","13","0","0","0","0","0","0","False"
Player State41,"-15","-5","13","0","0","0","0","0","0","False"
Player State42,"-15","-5","13","0","0","0","0","0","0","False"
Player State43,"-15","-5","13","0","0","0","0","0","0","False"
Player State44,"-15","-5","13","0","0","0","0","0","0","False"
Player State45,"-15","-5","13","0","0","0","0","0","0","False"
Player State46,"-15","-5","13","0","0","0","0","0","0","False"
Player State47,"-15","-5","13","0","0","0","0","0","0","False"
Player State48,"-15","-5","13","0","0","0","0","0","0","False"
Player State49,"-15","-5","13","0","0","0","0","0","0","False"
Player State50,"-15","-5","13","0","0","0","0","0","0","False"
Player State51,"-15","-5","13","0","0","0","0","0","0","False"
Player State52,"-15","-5","13","0","0","0","0","0","0","False"
Player State53,"-15","-5","13","0","0","0","0","0","0","False"
Player State54,"-15","-5","13","0","0","0","0","0","0","False"
Player State55,"-15","-5","13","0","0","0","0","0","0","False"
Player State56,"-15","-5","13","0","0","0","0","0","0","False"
Player State57,"-15","-5","13","0","0","0","0","0","0","False"
Player State58,"-15","-5","13","0","0","0","0","0","0","False"
Player State59,"-15","-5","13","0","0","0","0","0","0","False"
Player State60,"-15","-5","13","0","0","0","0","0","0","False"
Player State61,"-15","-5","13","0","0","0","0","0","0","False"
Player State62,"-15","-5","13","0","0","0","0","0","0","False"
Player State63,"-15","-5","13","0","0","0","0","0","0","False"
Player State64,"-15","-5","13","0","0","0","0","0","0","False"
Player State65,"-15","-5","13","0","0","0","0","0","0","False"
Player State66,"-15","-5","13","0","0","0","0","0","0","False"
Player State67,"-15","-5","13","0","0","0","0","0","0","False"
Player State68,"-15","-5","13","0","0","0","0","0","0","False"
Player State69,"-15","-5","13","0","0","0","0","0","0","False"
Player State70,"-15","-5","13","0","0","0","0","0","0","False"
Player State71,"-15","-5","13","0","0","0","0","0","0","False"
Player State72,"-15","-5","13","0","0","0","0","0","0","False"
Player State73,"-15","-5","13","0","0","0","0","0","0","False"
Player State74,"-15","-5","13","0","0","0","0","0","0","False"
Player State75,"-15","-5","13","0","0","0","0","0","0","False"
Player State76,"-15","-5","13","0","0","0","0","0","0","False"
Player State77,"-15","-5","13","0","0","0","0","0","0","False"
Player State78,"-15","-5","13","0","0","0","0","0","0","False"
Player State79,"-15","-5","13","0","0","0","0","0","0","False"
Player State80,"-15","-5","13","0","0","0","0","0","0","False"
Player State81,"-15","-5","13","0","0","0","0","0","0","False"
Player State82,"-15","-5","13","0","0","0","0","0","0","False"
Player State83,"-15","-5","13","0","0","0","0","0","0","False"
Player State84,"-15","-5","13","0","0","0","0","0","0","False"
Player State85,"-15","-5","13","0","0","0","0","0","0","False"
Player State86,"-15","-5","13","0","0","0","0","0","0","False"
Player State87,"-15","-5","13","0","0","0","0","0","0","False"
Player State88,"-15","-5","13","0","0","0","0","0","0","False"
Player State89,"-15","-5","13","0","0","0","0","0","0","False"
Player State90,"-15","-5","13","0","0","0","0","0","0","False"
Player State91,"-15","-5","13","0","0","0","0","0","0","False"
Player State92,"-15","-5","13","0","0","0","0","0","0","False"
Player State93,"-15","-5","13","0","0","0","0","0","0","False"
Player State94,"-15","-5","13","0","0","0","0","0","0","False"
Player State95,"-15","-5","13","0","0","0","0","0","0","False"
Player State96,"-15","-5","13","0","0","0","0","0","0","False"
Player State97,"-15","-5","13","0","0","0","0","0","0","False"
Player State98,"-15","-5","13","0","0","0","0","0","0","False"
Player State99,"-15","-5","13","0","0","0","0","0","0","False"
Player State100,"-15","-5","13","0","0","0","0","0","0","False"
Player State101,"-15","-5","13","0","0","0","0","0","0","False"
Player State102,"-15","-5","13","0","0","0","0","0","0","False"
Player State103,"-15","-5","13","0","0","0","0","0","0","False"
Player State104,"-15","-5","13","0","0","0","0","0","0","False"
Player State105,"-15","-5","13","0","0","0","0","0","0","False"
Player State106,"-15","-5","13","0","0","0","0","0","0","False"
Player State107,"-15","-5","13","0","0","0","0","0","0","False"
Player State108,"-15","-5","13","0","0","0","0","0","0","False"
Player State109,"-15","-5","13","0","0","0","0","0","0","False"
Player State110,"-15","-5","13","0","0","0","0","0","0","False"
Player State111,"-15","-5","13","0","0","0","0","0","0","False"
Player State112,"-15","-5","13","0","0","0","0","0","0","False"
Player State113,"-15","-5","13","0","0","0","0","0","0","False"
Player State114,"-15","-5","13","0","0","0","0","0","0","False"
Player State115,"-15","-5","13","0","0","0","0","0","0","False"
Player State116,"-15","-5","13","0","0","0","0","0","0","False"
Player State117,"-15","-5","13","0","0","0","0","0","0","False"
Player State118,"-15","-5","13","0","0","0","0","0","0","False"
Player State119,"-15","-5","13","0","0","0","0","0","0","False"
Player State120,"-15","-5","13","0","0","0","0","0","0","False"
Player State121,"-15","-5","13","0","0","0","0","0","0","False"
Player State122,"-15","-5","13","0","0","0","0","0","0","False"
Player State123,"-15","-5","13","0","0","0","0","0","0","False"
Player State124,"-15","-5","13","0","0","0","0","0","0","False"
Player State125,"-15","-5","13","0","0","0","0","0","0","False"
Player State126,"-15","-5","13","0","0","0","0","0","0","False"
Player State127,"-15","-5","13","0","0","0","0","0","0","False"
Player State128,"-15","-5","13","0","0","0","0","0","0","False"
Player State129,"-15","-5","13","0","0","0","0","0","0","False"
Player State130,"-15","-5","13","0","0","0","0","0","0","False"
Player State131,"-15","-5","13","0","0","0","0","0","0","False"
Player State132,"-15","-5","13","0","0","0","0","0","0","False"
Player State133,"-15","-5","13","0","0","0","0","0","0","False"
Player State134,"-15","-5","13","0","0","0","0","0","0","False"
Player State135,"-15","-5","13","0","0","0","0","0","0","False"
Player State136,"-15","-5","13","0","0","0","0","0","0","False"
Player State137,"-15","-5","13","0","0","0","0","0","0","False"
Player State138,"-15","-5","13","0","0","0","0","0","0","False"
Player State139,"-15","-5","13","0","0","0","0","0","0","False"
Player State140,"-15","-5","13","0","0","0","0","0","0","False"
Player State141,"-15","-5","13","0","0","0","0","0","0","False"
Player State142,"-15","-5","13","0","0","0","0","0","0","False"
Player State143,"-15","-5","13","0","0","0","0","0","0","False"
Player State144,"-15","-5","13","0","0","0","0","0","0","False"
Player State145,"-15","-5","13","0","0","0","0","0","0","False"
Player State146,"-15","-5","13","0","0","0","0","0","0","False"
Player State147,"-15","-5","13","0","0","0","0","0","0","False"
Player State148,"-15","-5","13","0","0","0","0","0","0","False"
Player State149,"-15","-5","13","0","0","0","0","0","0","False"
Player State150,"-15","-5","13","0","0","0","0","0","0","False"
Player State151,"-15","-5","13","0","0","0","0","0","0","False"
Player State152,"-15","-5","13","0","0","0","0","0","0","False"
Player State153,"-15","-5","13","0","0","0","0","0","0","False"
Player State154,"-15","-5","13","0","0","0","0","0","0","False"
Player State155,"-15","-5","13","0","0","0","0","0","0","False"
Player State156,"-15","-5","13","0","0","0","0","0","0","False"
Player State157,"-15","-5","13","0","0","0","0","0","0","False"
Player State158,"-15","-5","13","0","0","0","0","0","0","False"
Player State159,"-15","-5","13","0","0","0","0","0","0","False"
Player State160,"-15","-5","13","0","0","0","0","0","0","False"
Player State161,"-15","-5","13","0","0","0","0","0","0","False"
Player State162,"-15","-5","13","0","0","0","0","0","0","False"
Player State163,"-15","-5","13","0","0","0","0","0","0","False"
Player State164,"-15","-5","13","0","0","0","0","0","0","False"
Player State165,"-15","-5","13","0","0","0","0","0","0","False"
Player State166,"-15","-5","13","0","0","0","0","0","0","False"
Player State167,"-15","-5","13","0","0","0","0","0","0","False"
Player State168,"-15","-5","13","0","0","0","0","0","0","False"
Player State169,"-15","-5","13","0","0","0","0","0","0","False"
Player State170,"-15","-5","13","0","0","0","0","0","0","False"
Player State171,"-15","-5","13","0","0","0","0","0","0","False"
Player State172,"-15","-5","13","0","0","0","0","0","0","False"
Player State173,"-15","-5","13","0","0","0","0","0","0","False"
Player State174,"-15","-5","13","0","0","0","0","0","0","False"
Player State175,"-15","-5","13","0","0","0","0","0","0","False"
Player State176,"-15","-5","13","0","0","0","0","0","0","False"
Player State177,"-15","-5","13","0","0","0","0","0","0","False"
Player State178,"-15","-5","13","0","0","0","0","0","0","False"
Player State179,"-15","-5","13","0","0","0","0","0","0","False"
Player State180,"-15","-5","13","0","0","0","0","0","0","False"
Player State181,"-15","-5","13","0","0","0","0","0","0","False"
Player State182,"-15","-5","13","0","0","0","0","0","0","False"
Player State183,"-15","-5","13","0","0","0","0","0","0","False"
Player State184,"-15","-5","13","0","0","0","0","0","0","False"
Player State185,"-15","-5","13","0","0","0","0","0","0","False"
Player State186,"-15","-5","13","0","0","0","0","0","0","False"
Player State187,"-15","-5","13","0","0","0","0","0","0","False"
Player State188,"-15","-5","13","0","0","0","0","0","0","False"
Player State189,"-15","-5","13","0","0","0","0","0","0","False"
Player State190,"-15","-5","13","0","0","0","0","0","0","False"
Player State191,"-15","-5","13","0","0","0","0","0","0","False"
Player State192,"-15","-5","13","0","0","0","0","0","0","False"
Player State193,"-15","-5","13","0","0","0","0","0","0","False"
Player State194,"-15","-5","13","0","0","0","0","0","0","False"
Player State195,"-15","-5","13","0","0","0","0","0","0","False"
Player State196,"-15","-5","13","0","0","0","0","0","0","False"
Player State197,"-15","-5","13","0","0","0","0","0","0","False"
Player State198,"-15","-5","13","0","0","0","0","0","0","False"
Player State199,"-15","-5","13","0","0","0","0","0","0","False"
Player State200,"-15","-5","13","0","0","0","0","0","0","False"
Player State201,"-15","-5","13","0","0","0","0","0","0","False"
Player State202,"-15","-5","13","0","0","0","0","0","0","False"
Player State203,"-15","-5","13","0","0","0","0","0","0","False"
Player State204,"-15","-5","13","0","0","0","0","0","0","False"
Player State205,"-15","-5","13","0","0","0","0","0","0","False"
Player State206,"-15","-5","13","0","0","0","0","0","0","False"
Player State207,"-15","-5","13","0","0","0","0","0","0","False"
Player State208,"-15","-5","13","0","0","0","0","0","0","False"
Player State209,"-15","-5","13","0","0","0","0","0","0","False"
Player State210,"-15","-5","13","0","0","0","0","0","0","False"
Player State211,"-15","-5","13","0","0","0","0","0","0","False"
Player State212,"-15","-5","13","0","0","0","0","0","0","False"
Player State213,"-15","-5","13","0","0","0","0","0","0","False"
Player State214,"-15","-5","13","0","0","0","0","0","0","False"
Player State215,"-15","-5","13","0","0","0","0","0","0","False"
Player State216,"-15","-5","13","0","0","0","0","0","0","False"
Player State217,"-15","-5","13","0","0","0","0","0","0","False"
Player State218,"-15","-5","13","0","0","0","0","0","0","False"
Player State219,"-15","-5","13","0","0","0","0","0","0","False"
Player State220,"-15","-5","13","0","0","0","0","0","0","False"
Player State221,"-15","-5","13","0","0","0","0","0","0","False"
Player State222,"-15","-5","13","0","0","0","0","0","0","False"
Player State223,"-15","-5","13","0","0","0","0","0","0","False"
Player State224,"-15","-5","13","0","0","0","0","0","0","False"
Player State225,"-15","-5","13","0","0","0","0","0","0","False"
Player State226,"-15","-5","13","0","0","0","0","0","0","False"
Player State227,"-15","-5","13","0","0","0","0","0","0","False"
Player State228,"-15","-5","13","0","0","0","0","0","0","False"
Player State229,"-15","-5","13","0","0","0","0","0","0","False"
Player State230,"-15","-5","13","0","0","0","0","0","0","False"
Player State231,"-15","-5","13","0","0","0","0","0","0","False"
Player State232,"-15","-5","13","0","0","0","0","0","0","False"
Player State233,"-15","-5","13","0","0","0","0","0","0","False"
Player State234,"-15","-5","13","0","0","0","0","0","0","False"
Player State235,"-15","-5","13","0","0","0","0","0","0","False"
Player State236,"-15","-5","13","0","0","0","0","0","0","False"
Player State237,"-15","-5","13","0","0","0","0","0","0","False"
Player State238,"-15","-5","13","0","0","0","0","0","0","False"
Player State239,"-15","-5","13","0","0","0","0","0","0","False"
Player State240,"-15","-5","13","0","0","0","0","0","0","False"
Player State241,"-15","-5","13","0","0","0","0","0","0","False"
Player State242,"-15","-5","13","0","0","0","0","0","0","False"
Player State243,"-15","-5","13","0","0","0","0","0","0","False"
Player State244,"-15","-5","13","0","0","0","0","0","0","False"
Player State245,"-15","-5","13","0","0","0","0","0","0","False"
Player State246,"-15","-5","13","0","0","0","0","0","0","False"
Player State247,"-15","-5","13","0","0","0","0","0","0","False"
Player State248,"-15","-5","13","0","0","0","0","0","0","False"
Player State249,"-15","-5","13","0","0","0","0","0","0","False"
Player State250,"-15","-5","13","0","0","0","0","0","0","False"
Player State251,"-15","-5","13","0","0","0","0","0","0","False"
Player State252,"-15","-5","13","0","0","0","0","0","0","False"
Player State253,"-15","-5","13","0","0","0","0","0","0","False"
Player State254,"-15","-5","13","0","0","0","0","0","0","False"
Player State255,"-15","-5","13","0","0","0","0","0","0","False"
Player State256,"-15","-5","13","0","0","0","0","0","0","False"
Player State257,"-15","-5","13","0","0","0","0","0","0","False"
Player State258,"-15","-5","13","0","0","0","0","0","0","False"
Player State259,"-15","-5","13","0","0","0","0","0","0","False"
Player State260,"-15","-5","13","0","0","0","0","0","0","False"
Player State261,"-15","-5","13","0","0","0","0","0","0","False"
Player State262,"-15","-5","13","0","0","0","0","0","0","False"
Player State263,"-15","-5","13","0","0","0","0","0","0","False"
Player State264,"-15","-5","13","0","0","0","0","0","0","False"
Player State265,"-15","-5","13","0","0","0","0","0","0","False"
Player State266,"-15","-5","13","0","0","0","0","0","0","False"
Player State267,"-15","-5","13","0","0","0","0","0","0","False"
Player State268,"-15","-5","13","0","0","0","0","0","0","False"
Player State269,"-15","-5","13","0","0","0","0","0","0","False"
Player State270,"-15","-5","13","0","0","0","0","0","0","False"
Player State271,"-15","-5","13","0","0","0","0","0","0","False"
Player State272,"-15","-5","13","0","0","0","0","0","0","False"
Player State273,"-15","-5","13","0","0","0","0","0","0","False"
Player State274,"-15","-5","13","0","0","0","0","0","0","False"
Player State275,"-15","-5","13","0","0","0","0","0","0","False"
Player State276,"-15","-5","13","0","0","0","0","0","0","False"
Player State277,"-15","-5","13","0","0","0","0","0","0","False"
Player State278,"-15","-5","13","0","0","0","0","0","0","False"
Player State279,"-15","-5","13","0","0","0","0","0","0","False"
Player State280,"-15","-5","13","0","0","0","0","0","0","False"
Player State281,"-15","-5","13","0","0","0","0","0","0","False"
Player State282,"-15","-5","13","0","0","0","0","0","0","False"
Player State283,"-15","-5","13","0","0","0","0","0","0","False"
Player State284,"-15","-5","13","0","0","0","0","0","0","False"
Player State285,"-15","-5","13","0","0","0","0","0","0","False"
Player State286,"-15","-5","13","0","0","0","0","0","0","False"
Player State287,"-15","-5","13","0","0","0","0","0","0","False"
Player State288,"-15","-5","13","0","0","0","0","0","0","False"
Player State289,"-15","-5","13","0","0","0","0","0","0","False"
Player State290,"-15","-5","13","0","0","0","0","0","0","False"
Player State291,"-15","-5","13","0","0","0","0","0","0","False"
Player State292,"-15","-5","13","0","0","0","0","0","0","False"
Player State293,"-15","-5","13","0","0","0","0","0","0","False"
Player State294,"-15","-5","13","0","0","0","0","0","0","False"
Player State295,"-15","-5","13","0","0","0","0","0","0","False"
Player State296,"-15","-5","13","0","0","0","0","0","0","False"
Player State297,"-15","-5","13","0","0","0","0","0","0","False"
Player State298,"-15","-5","13","0","0","0","0","0","0","False"
Player State299,"-15","-5","13","0","0","0","0","0","0","False"
Player State300,"-15","-5","13","0","0","0","0","0","0","False"
Player State301,"-15","-5","13","0","0","0","0","0","0","False"
Player State302,"-15","-5","13","0","0","0","0","0","0","False"
Player State303,"-15","-5","13","0","0","0","0","0","0","False"
Player State304,"-15","-5","13","0","0","0","0","0","0","False"
Player State305,"-15","-5","13","0","0","0","0","0","0","False"
Player State306,"-15","-5","13","0","0","0","0","0","0","False"
Player State307,"-15","-5","13","0","0","0","0","0","0","False"
Player State308,"-15","-5","13","0","0","0","0","0","0","False"
Player State309,"-15","-5","13","0","0","0","0","0","0","False"
Player State310,"-15","-5","13","0","0","0","0","0","0","False"
Player State311,"-15","-5","13","0","0","0","0","0","0","False"
Player State312,"-15","-5","13","0","0","0","0","0","0","False"
Player State313,"-15","-5","13","0","0","0","0","0","0","False"
Player State314,"-15","-5","13","0","0","0","0","0","0","False"
Player State315,"-15","-5","13","0","0","0","0","0","0","False"
Player State316,"-15","-5","13","0","0","0","0","0","0","False"
Player State317,"-15","-5","13","0","0","0","0","0","0","False"
Player State318,"-15","-5","13","0","0","0","0","0","0","False"
Player State319,"-15","-5","13","0","0","0","0","0","0","False"
Player State320,"-15","-5","13","0","0","0","0","0","0","False"
Player State321,"-15","-5","13","0","0","0","0","0","0","False"
Player State322,"-15","-5","13","0","0","0","0","0","0","False"
Player State323,"-15","-5","13","0","0","0","0","0","0","False"
Player State324,"-15","-5","13","0","0","0","0","0","0","False"
Player State325,"-15","-5","13","0","0","0","0","0","0","False"
Player State326,"-15","-5","13","0","0","0","0","0","0","False"
Player State327,"-15","-5","13","0","0","0","0","0","0","False"
Player State328,"-15","-5","13","0","0","0","0","0","0","False"
Player State329,"-15","-5","13","0","0","0","0","0","0","False"
Player State330,"-15","-5","13","0","0","0","0","0","0","False"
Player State331,"-15","-5","13","0","0","0","0","0","0","False"
Player State332,"-15","-5","13","0","0","0","0","0","0","False"
Player State333,"-15","-5","13","0","0","0","0","0","0","False"
Player State334,"-15","-5","13","0","0","0","0","0","0","False"
Player State335,"-15","-5","13","0","0","0","0","0","0","False"
Player State336,"-15","-5","13","0","0","0","0","0","0","False"
Player State337,"-15","-5","13","0","0","0","0","0","0","False"
Player State338,"-15","-5","13","0","0","0","0","0","0","False"
Player State339,"-15","-5","13","0","0","0","0","0","0","False"
Player State340,"-15","-5","13","0","0","0","0","0","0","False"
Player State341,"-15","-5","13","0","0","0","0","0","0","False"
Player State342,"-15","-5","13","0","0","0","0","0","0","False"
Player State343,"-15","-5","13","0","0","0","0","0","0","False"
Player State344,"-15","-5","13","0","0","0","0","0","0","False"
Player State345,"-15","-5","13","0","0","0","0","0","0","False"
Player State346,"-15","-5","13","0","0","0","0","0","0","False"
Player State347,"-15","-5","13","0","0","0","0","0","0","False"
Player State348,"-15","-5","13","0","0","0","0","0","0","False"
Player State349,"-15","-5","13","0","0","0","0","0","0","False"
Player State350,"-15","-5","13","0","0","0","0","0","0","False"
Player State351,"-15","-5","13","0","0","0","0","0","0","False"
Player State352,"-15","-5","13","0","0","0","0","0","0","False"
Player State353,"-15","-5","13","0","0","0","0","0","0","False"
Player State354,"-15","-5","13","0","0","0","0","0","0","False"
Player State355,"-15","-5","13","0","0","0","0","0","0","False"
Player State356,"-15","-5","13","0","0","0","0","0","0","False"
Player State357,"-15","-5","13","0","0","0","0","0","0","False"
Player State358,"-15","-5","13","0","0","0","0","0","0","False"
Player State359,"-15","-5","13","0","0","0","0","0","0","False"
Player State360,"-15","-5","13","0","0","0","0","0","0","False"
Player State361,"-15","-5","13","0","0","0","0","0","0","False"
Player State362,"-15","-5","13","0","0","0","0","0","0","False"
Player State363,"-15","-5","13","0","0","0","0","0","0","False"
Player State364,"-15","-5","13","0","0","0","0","0","0","False"
Player State365,"-15","-5","13","0","0","0","0","0","0","False"
Player State366,"-15","-5","13","0","0","0","0","0","0","False"
Player State367,"-15","-5","13","0","0","0","0","0","0","False"
Player State368,"-15","-5","13","0","0","0","0","0","0","False"
Player State369,"-15","-5","13","0","0","0","0","0","0","False"
Player State370,"-15","-5","13","0","0","0","0","0","0","False"
Player State371,"-15","-5","13","0","0","0","0","0","0","False"
Player State372,"-15","-5","13","0","0","0","0","0","0","False"
Player State373,"-15","-5","13","0","0","0","0","0","0","False"
Player State374,"-15","-5","13","0","0","0","0","0","0","False"
Player State375,"-15","-5","13","0","0","0","0","0","0","False"
Player State376,"-15","-5","13","0","0","0","0","0","0","False"
Player State377,"-15","-5","13","0","0","0","0","0","0","False"
Player State378,"-15","-5","13","0","0","0","0","0","0","False"
Player State379,"-15","-5","13","0","0","0","0","0","0","False"
Player State380,"-15","-5","13","0","0","0","0","0","0","False"
Player State381,"-15","-5","13","0","0","0","0","0","0","False"
Player State382,"-15","-5","13","0","0","0","0","0","0","False"
Player State383,"-15","-5","13","0","0","0","0","0","0","False"
Player State384,"-15","-5","13","0","0","0","0","0","0","False"
Player State385,"-15","-5","13","0","0","0","0","0","0","False"
Player State386,"-15","-5","13","0","0","0","0","0","0","False"
Player State387,"-15","-5","13","0","0","0","0","0","0","False"
Player State388,"-15","-5","13","0","0","0","0","0","0","False"
Player State389,"-15","-5","13","0","0","0","0","0","0","False"
Player State390,"-15","-5","13","0","0","0","0","0","0","False"
Player State391,"-15","-5","13","0","0","0","0","0","0","False"
Player State392,"-15","-5","13","0","0","0","0","0","0","False"
Player State393,"-15","-5","13","0","0","0","0","0","0","False"
Player State394,"-15","-5","13","0","0","0","0","0","0","False"
Player State395,"-15","-5","13","0","0","0","0","0","0","False"
Player State396,"-15","-5","13","0","0","0","0","0","0","False"
Player State397,"-15","-5","13","0","0","0","0","0","0","False"
Player State398,"-15","-5","13","0","0","0","0","0","0","False"
Player State399,"-15","-5","13","0","0","0","0","0","0","False"
Player State400,"-15","-5","13","0","0","0","0","0","0","False"
Player State401,"-15","-5","13","0","0","0","0","0","0","False"
Player State402,"-15","-5","13","0","0","0","0","0","0","False"
Player State403,"-15","-5","13","0","0","0","0","0","0","False"
Player State404,"-15","-5","13","0","0","0","0","0","0","False"
Player State405,"-15","-5","13","0","0","0","0","0","0","False"
Player State406,"-15","-5","13","0","0","0","0","0","0","False"
Player State407,"-15","-5","13","0","0","0","0","0","0","False"
Player State408,"-15","-5","13","0","0","0","0","0","0","False"
Player State409,"-15","-5","13","0","0","0","0","0","0","False"
Player State410,"-15","-5","13","0","0","0","0","0","0","False"
Player State411,"-15","-5","13","0","0","0","0","0","0","False"
Player State412,"-15","-5","13","0","0","0","0","0","0","False"
Player State413,"-15","-5","13","0","0","0","0","0","0","False"
Player State414,"-15","-5","13","0","0","0","0","0","0","False"
Player State415,"-15","-5","13","0","0","0","0","0","0","False"
Player State416,"-15","-5","13","0","0","0","0","0","0","False"
Player State417,"-15","-5","13","0","0","0","0","0","0","False"
Player State418,"-15","-5","13","0","0","0","0","0","0","False"
Player State419,"-15","-5","13","0","0","0","0","0","0","False"
Player State420,"-15","-5","13","0","0","0","0","0","0","False"
Player State421,"-15","-5","13","0","0","0","0","0","0","False"
Player State422,"-15","-5","13","0","0","0","0","0","0","False"
Player State423,"-15","-5","13","0","0","0","0","0","0","False"
Player State424,"-15","-5","13","0","0","0","0","0","0","False"
Player State425,"-15","-5","13","0","0","0","0","0","0","False"
Player State426,"-15","-5","13","0","0","0","0","0","0","False"
Player State427,"-15","-5","13","0","0","0","0","0","0","False"
Player State428,"-15","-5","13","0","0","0","0","0","0","False"
Player State429,"-15","-5","13","0","0","0","0","0","0","False"
Player State430,"-15","-5","13","0","0","0","0","0","0","False"
Player State431,"-15","-5","13","0","0","0","0","0","0","False"
Player State432,"-15","-5","13","0","0","0","0","0","0","False"
Player State433,"-15","-5","13","0","0","0","0","0","0","False"
Player State434,"-15","-5","13","0","0","0","0","0","0","False"
Player State435,"-15","-5","13","0","0","0","0","0","0","False"
Player State436,"-15","-5","13","0","0","0","0","0","0","False"
Player State437,"-15","-5","13","0","0","0","0","0","0","False"
Player State438,"-15","-5","13","0","0","0","0","0","0","False"
Player State439,"-15","-5","13","0","0","0","0","0","0","False"
Player State440,"-15","-5","13","0","0","0","0","0","0","False"
Player State441,"-15","-5","13","0","0","0","0","0","0","False"
Player State442,"-15","-5","13","0","0","0","0","0","0","False"
Player State443,"-15","-5","13","0","0","0","0","0","0","False"
Player State444,"-15","-5","13","0","0","0","0","0","0","False"
Player State445,"-15","-5","13","0","0","0","0","0","0","False"
Player State446,"-15","-5","13","0","0","0","0","0","0","False"
Player State447,"-15","-5","13","0","0","0","0","0","0","False"
Player State448,"-15","-5","13","0","0","0","0","0","0","False"
Player State449,"-15","-5","13","0","0","0","0","0","0","False"
Player State450,"-15","-5","13","0","0","0","0","0","0","False"
Player State451,"-15","-5","13","0","0","0","0","0","0","False"
Player State452,"-15","-5","13","0","0","0","0","0","0","False"
Player State453,"-15","-5","13","0","0","0","0","0","0","False"
Player State454,"-15","-5","13","0","0","0","0","0","0","False"
Player State455,"-15","-5","13","0","0","0","0","0","0","False"
Player State456,"-15","-5","13","0","0","0","0","0","0","False"
Player State457,"-15","-5","13","0","0","0","0","0","0","False"
Player State458,"-15","-5","13","0","0","0","0","0","0","False"
Player State459,"-15","-5","13","0","0","0","0","0","0","False"
Player State460,"-15","-5","13","0","0","0","0","0","0","False"
Player State461,"-15","-5","13","0","0","0","0","0","0","False"
Player State462,"-15","-5","13","0","0","0","0","0","0","False"
Player State463,"-15","-5","13","0","0","0","0","0","0","False"
Player State464,"-15","-5","13","0","0","0","0","0","0","False"
Player State465,"-15","-5","13","0","0","0","0","0","0","False"
Player State466,"-15","-5","13","0","0","0","0","0","0","False"
Player State467,"-15","-5","13","0","0","0","0","0","0","False"
Player State468,"-15","-5","13","0","0","0","0","0","0","False"
Player State469,"-15","-5","13","0","0","0","0","0","0","False"
Player State470,"-15","-5","13","0","0","0","0","0","0","False"
Player State471,"-15","-5","13","0","0","0","0","0","0","False"
Player State472,"-15","-5","13","0","0","0","0","0","0","False"
Player State473,"-15","-5","13","0","0","0","0","0","0","False"
Player State474,"-15","-5","13","0","0","0","0","0","0","False"
Player State475,"-15","-5","13","0","0","0","0","0","0","False"
Player State476,"-15","-5","13","0","0","0","0","0","0","False"
Player State477,"-15","-5","13","0","0","0","0","0","0","False"
Player State478,"-15","-5","13","0","0","0","0","0","0","False"
Player State479,"-15","-5","13","0","0","0","0","0","0","False"
Player State480,"-15","-5","13","0","0","0","0","0","0","False"
Player State481,"-15","-5","13","0","0","0","0","0","0","False"
Player State482,"-15","-5","13","0","0","0","0","0","0","False"
Player State483,"-15","-5","13","0","0","0","0","0","0","False"
Player State484,"-15","-5","13","0","0","0","0","0","0","False"
Player State485,"-15","-5","13","0","0","0","0","0","0","False"
Player State486,"-15","-5","13","0","0","0","0","0","0","False"
Player State487,"-15","-5","13","0","0","0","0","0","0","False"
Player State488,"-15","-5","13","0","0","0","0","0","0","False"
Player State489,"-15","-5","13","0","0","0","0","0","0","False"
Player State490,"-15","-5","13","0","0","0","0","0","0","False"
Player State491,"-15","-5","13","0","0","0","0","0","0","False"
Player State492,"-15","-5","13","0","0","0","0","0","0","False"
Player State493,"-15","-5","13","0","0","0","0","0","0","False"
Player State494,"-15","-5","13","0","0","0","0","0","0","False"
Player State495,"-15","-5","13","0","0","0","0","0","0","False"
Player State496,"-15","-5","13","0","0","0","0","0","0","False"
Player State497,"-15","-5","13","0","0","0","0","0","0","False"
Player State498,"-15","-5","13","0","0","0","0","0","0","False"
Player State499,"-15","-5","13","0","0","0","0","0","0","False"
Player State500,"-15","-5","13","0","0","0","0","0","0","False"
Player State501,"-15","-5","13","0","0","0","0","0","0","False"
Player State502,"-15","-5","13","0","0","0","0","0","0","False"
Player State503,"-15","-5","13","0","0","0","0","0","0","False"
Player State504,"-15","-5","13","0","0","0","0","0","0","False"
Player State505,"-15","-5","13","0","0","0","0","0","0","False"
Player State506,"-15","-5","13","0","0","0","0","0","0","False"
Player State507,"-15","-5","13","0","0","0","0","0","0","False"
Player State508,"-15","-5","13","0","0","0","0","0","0","False"
Player State509,"-15","-5","13","0","0","0","0","0","0","False"
Player State510,"-15","-5","13","0","0","0","0","0","0","False"
Player State511,"-15","-5","13","0","0","0","0","0","0","False"
Player State512,"-15","-5","13","0","0","0","0","0","0","False"
Player State513,"-15","-5","13","0","0","0","0","0","0","False"
Player State514,"-15","-5","13","0","0","0","0","0","0","False"
Player State515,"-15","-5","13","0","0","0","0","0","0","False"
Player State516,"-15","-5","13","0","0","0","0","0","0","False"
Player State517,"-15","-5","13","0","0","0","0","0","0","False"
Player State518,"-15","-5","13","0","0","0","0","0","0","False"
Player State519,"-15","-5","13","0","0","0","0","0","0","False"
Player State520,"-15","-5","13","0","0","0","0","0","0","False"
Player State521,"-15","-5","13","0","0","0","0","0","0","False"
Player State522,"-15","-5","13","0","0","0","0","0","0","False"
Player State523,"-15","-5","13","0","0","0","0","0","0","False"
Player State524,"-15","-5","13","0","0","0","0","0","0","False"
Player State525,"-15","-5","13","0","0","0","0","0","0","False"
Player State526,"-15","-5","13","0","0","0","0","0","0","False"
Player State527,"-15","-5","13","0","0","0","0","0","0","False"
Player State528,"-15","-5","13","0","0","0","0","0","0","False"
Player State529,"-15","-5","13","0","0","0","0","0","0","False"
Player State530,"-15","-5","13","0","0","0","0","0","0","False"
Player State531,"-15","-5","13","0","0","0","0","0","0","False"
Player State532,"-15","-5","13","0","0","0","0","0","0","False"
Player State533,"-15","-5","13","0","0","0","0","0","0","False"
Player State534,"-15","-5","13","0","0","0","0","0","0","False"
Player State535,"-15","-5","13","0","0","0","0","0","0","False"
Player State536,"-15","-5","13","0","0","0","0","0","0","False"
Player State537,"-15","-5","13","0","0","0","0","0","0","False"
Player State538,"-15","-5","13","0","0","0","0","0","0","False"
Player State539,"-15","-5","13","0","0","0","0","0","0","False"
Player State540,"-15","-5","13","0","0","0","0","0","0","False"
Player State541,"-15","-5","13","0","0","0","0","0","0","False"
Player State542,"-15","-5","13","0","0","0","0","0","0","False"
Player State543,"-15","-5","13","0","0","0","0","0","0","False"
Player State544,"-15","-5","13","0","0","0","0","0","0","False"
Player State545,"-15","-5","13","0","0","0","0","0","0","False"
Player State546,"-15","-5","13","0","0","0","0","0","0","False"
Player State547,"-15","-5","13","0","0","0","0","0","0","False"
Player State548,"-15","-5","13","0","0","0","0","0","0","False"
Player State549,"-15","-5","13","0","0","0","0","0","0","False"
Player State550,"-15","-5","13","0","0","0","0","0","0","False"
Player State551,"-15","-5","13","0","0","0","0","0","0","False"
Player State552,"-15","-5","13","0","0","0","0","0","0","False"
Player State553,"-15","-5","13","0","0","0","0","0","0","False"
Player State554,"-15","-5","13","0","0","0","0","0","0","False"
Player State555,"-15","-5","13","0","0","0","0","0","0","False"
Player State556,"-15","-5","13","0","0","0","0","0","0","False"
Player State557,"-15","-5","13","0","0","0","0","0","0","False"
Player State558,"-15","-5","13","0","0","0","0","0","0","False"
Player State559,"-15","-5","13","0","0","0","0","0","0","False"
Player State560,"-15","-5","13","0","0","0","0","0","0","False"
Player State561,"-15","-5","13","0","0","0","0","0","0","False"
Player State562,"-15","-5","13","0","0","0","0","0","0","False"
Player State563,"-15","-5","13","0","0","0","0","0","0","False"
Player State564,"-15","-5","13","0","0","0","0","0","0","False"
Player State565,"-15","-5","13","0","0","0","0","0","0","False"
Player State566,"-15","-5","13","0","0","0","0","0","0","False"
Player State567,"-15","-5","13","0","0","0","0","0","0","False"
Player State568,"-15","-5","13","0","0","0","0","0","0","False"
Player State569,"-15","-5","13","0","0","0","0","0","0","False"
Player State570,"-15","-5","13","0","0","0","0","0","0","False"
Player State571,"-15","-5","13","0","0","0","0","0","0","False"
Player State572,"-15","-5","13","0","0","0","0","0","0","False"
Player State573,"-15","-5","13","0","0","0","0","0","0","False"
Player State574,"-15","-5","13","0","0","0","0","0","0","False"
Player State575,"-15","-5","13","0","0","0","0","0","0","False"
Player State576,"-15","-5","13","0","0","0","0","0","0","False"
Player State577,"-15","-5","13","0","0","0","0","0","0","False"
Player State578,"-15","-5","13","0","0","0","0","0","0","False"
Player State579,"-15","-5","13","0","0","0","0","0","0","False"
Player State580,"-15","-5","13","0","0","0","0","0","0","False"
Player State581,"-15","-5","13","0","0","0","0","0","0","False"
Player State582,"-15","-5","13","0","0","0","0","0","0","False"
Player State583,"-15","-5","13","0","0","0","0","0","0","False"
Player State584,"-15","-5","13","0","0","0","0","0","0","False"
Player State585,"-15","-5","13","0","0","0","0","0","0","False"
Player State586,"-15","-5","13","0","0","0","0","0","0","False"
Player State587,"-15","-5","13","0","0","0","0","0","0","False"
Player State588,"-15","-5","13","0","0","0","0","0","0","False"
Player State589,"-15","-5","13","0","0","0","0","0","0","False"
Player State590,"-15","-5","13","0","0","0","0","0","0","False"
Player State591,"-15","-5","13","0","0","0","0","0","0","False"
Player State592,"-15","-5","13","0","0","0","0","0","0","False"
Player State593,"-15","-5","13","0","0","0","0","0","0","False"
Player State594,"-15","-5","13","0","0","0","0","0","0","False"
Player State595,"-15","-5","13","0","0","0","0","0","0","False"
Player State596,"-15","-5","13","0","0","0","0","0","0","False"
Player State597,"-15","-5","13","0","0","0","0","0","0","False"
Player State598,"-15","-5","13","0","0","0","0","0","0","False"
Player State599,"-15","-5","13","0","0","0","0","0","0","False"
Player State600,"-15","-5","13","0","0","0","0","0","0","False"
Player State601,"-15","-5","13","0","0","0","0","0","0","False"
Player State602,"-15","-5","13","0","0","0","0","0","0","False"
Player State603,"-15","-5","13","0","0","0","0","0","0","False"
Player State604,"-15","-5","13","0","0","0","0","0","0","False"
Player State605,"-15","-5","13","0","0","0","0","0","0","False"
Player State606,"-15","-5","13","0","0","0","0","0","0","False"
Player State607,"-15","-5","13","0","0","0","0","0","0","False"
Player State608,"-15","-5","13","0","0","0","0","0","0","False"
Player State609,"-15","-5","13","0","0","0","0","0","0","False"
Player State610,"-15","-5","13","0","0","0","0","0","0","False"
Player State611,"-15","-5","13","0","0","0","0","0","0","False"
Player State612,"-15","-5","13","0","0","0","0","0","0","False"
Player State613,"-15","-5","13","0","0","0","0","0","0","False"
Player State614,"-15","-5","13","0","0","0","0","0","0","False"
Player State615,"-15","-5","13","0","0","0","0","0","0","False"
Player State616,"-15","-5","13","0","0","0","0","0","0","False"
Player State617,"-15","-5","13","0","0","0","0","0","0","False"
Player State618,"-15","-5","13","0","0","0","0","0","0","False"
Player State619,"-15","-5","13","0","0","0","0","0","0","False"
Player State620,"-15","-5","13","0","0","0","0","0","0","False"
Player State621,"-15","-5","13","0","0","0","0","0","0","False"
Player State622,"-15","-5","13","0","0","0","0","0","0","False"
Player State623,"-15","-5","13","0","0","0","0","0","0","False"
Player State624,"-15","-5","13","0","0","0","0","0","0","False"
Player State625,"-15","-5","13","0","0","0","0","0","0","False"
Player State626,"-15","-5","13","0","0","0","0","0","0","False"
Player State627,"-15","-5","13","0","0","0","0","0","0","False"
Player State628,"-15","-5","13","0","0","0","0","0","0","False"
Player State629,"-15","-5","13","0","0","0","0","0","0","False"
Player State630,"-15","-5","13","0","0","0","0","0","0","False"
Player State631,"-15","-5","13","0","0","0","0","0","0","False"
Player State632,"-15","-5","13","0","0","0","0","0","0","False"
Player State633,"-15","-5","13","0","0","0","0","0","0","False"
Player State634,"-15","-5","13","0","0","0","0","0","0","False"
Player State635,"-15","-5","13","0","0","0","0","0","0","False"
Player State636,"-15","-5","13","0","0","0","0","0","0","False"
Player State637,"-15","-5","13","0","0","0","0","0","0","False"
Player State638,"-15","-5","13","0","0","0","0","0","0","False"
Player State639,"-15","-5","13","0","0","0","0","0","0","False"
Player State640,"-15","-5","13","0","0","0","0","0","0","False"
Player State641,"-15","-5","13","0","0","0","0","0","0","False"
Player State642,"-15","-5","13","0","0","0","0","0","0","False"
Player State643,"-15","-5","13","0","0","0","0","0","0","False"
Player State644,"-15","-5","13","0","0","0","0","0","0","False"
Player State645,"-15","-5","13","0","0","0","0","0","0","False"
Player State646,"-15","-5","13","0","0","0","0","0","0","False"
Player State647,"-15","-5","13","0","0","0","0","0","0","False"
Player State648,"-15","-5","13","0","0","0","0","0","0","False"
Player State649,"-15","-5","13","0","0","0","0","0","0","False"
Player State650,"-15","-5","13","0","0","0","0","0","0","False"
Player State651,"-15","-5","13","0","0","0","0","0","0","False"
Player State652,"-15","-5","13","0","0","0","0","0","0","False"
Player State653,"-15","-5","13","0","0","0","0","0","0","False"
Player State654,"-15","-5","13","0","0","0","0","0","0","False"
Player State655,"-15","-5","13","0","0","0","0","0","0","False"
Player State656,"-15","-5","13","0","0","0","0","0","0","False"
Player State657,"-15","-5","13","0","0","0","0","0","0","False"
Player State658,"-15","-5","13","0","0","0","0","0","0","False"
Player State659,"-15","-5","13","0","0","0","0","0","0","False"
Player State660,"-15","-5","13","0","0","0","0","0","0","False"
Player State661,"-15","-5","13","0","0","0","0","0","0","False"
Player State662,"-15","-5","13","0","0","0","0","0","0","False"
Player State663,"-15","-5","13","0","0","0","0","0","0","False"
Player State664,"-15","-5","13","0","0","0","0","0","0","False"
Player State665,"-15","-5","13","0","0","0","0","0","0","False"
Player State666,"-15","-5","13","0","0","0","0","0","0","False"
Player State667,"-15","-5","13","0","0","0","0","0","0","False"
Player State668,"-15","-5","13","0","0","0","0","0","0","False"
Player State669,"-15","-5","13","0","0","0","0","0","0","False"
Player State670,"-15","-5","13","0","0","0","0","0","0","False"
Player State671,"-15","-5","13","0","0","0","0","0","0","False"
Player State672,"-15","-5","13","0","0","0","0","0","0","False"
Player State673,"-15","-5","13","0","0","0","0","0","0","False"
Player State674,"-15","-5","13","0","0","0","0","0","0","False"
Player State675,"-15","-5","13","0","0","0","0","0","0","False"
Player State676,"-15","-5","13","0","0","0","0","0","0","False"
Player State677,"-15","-5","13","0","0","0","0","0","0","False"
Player State678,"-15","-5","13","0","0","0","0","0","0","False"
Player State679,"-15","-5","13","0","0","0","0","0","0","False"
Player State680,"-15","-5","13","0","0","0","0","0","0","False"
Player State681,"-15","-5","13","0","0","0","0","0","0","False"
Player State682,"-15","-5","13","0","0","0","0","0","0","False"
Player State683,"-15","-5","13","0","0","0","0","0","0","False"
Player State684,"-15","-5","13","0","0","0","0","0","0","False"
Player State685,"-15","-5","13","0","0","0","0","0","0","False"
Player State686,"-15","-5","13","0","0","0","0","0","0","False"
Player State687,"-15","-5","13","0","0","0","0","0","0","False"
Player State688,"-15","-5","13","0","0","0","0","0","0","False"
Player State689,"-15","-5","13","0","0","0","0","0","0","False"
Player State690,"-15","-5","13","0","0","0","0","0","0","False"
Player State691,"-15","-5","13","0","0","0","0","0","0","False"
Player State692,"-15","-5","13","0","0","0","0","0","0","False"
Player State693,"-15","-5","13","0","0","0","0","0","0","False"
Player State694,"-15","-5","13","0","0","0","0","0","0","False"
Player State695,"-15","-5","13","0","0","0","0","0","0","False"
Player State696,"-15","-5","13","0","0","0","0","0","0","False"
Player State697,"-15","-5","13","0","0","0","0","0","0","False"
Player State698,"-15","-5","13","0","0","0","0","0","0","False"
Player State699,"-15","-5","13","0","0","0","0","0","0","False"
Player State700,"-15","-5","13","0","0","0","0","0","0","False"
Player State701,"-15","-5","13","0","0","0","0","0","0","False"
Player State702,"-15","-5","13","0","0","0","0","0","0","False"
Player State703,"-15","-5","13","0","0","0","0","0","0","False"
Player State704,"-15","-5","13","0","0","0","0","0","0","False"
Player State705,"-15","-5","13","0","0","0","0","0","0","False"
Player State706,"-15","-5","13","0","0","0","0","0","0","False"
Player State707,"-15","-5","13","0","0","0","0","0","0","False"
Player State708,"-15","-5","13","0","0","0","0","0","0","False"
Player State709,"-15","-5","13","0","0","0","0","0","0","False"
Player State710,"-15","-5","13","0","0","0","0","0","0","False"
Player State711,"-15","-5","13","0","0","0","0","0","0","False"
Player State712,"-15","-5","13","0","0","0","0","0","0","False"
Player State713,"-15","-5","13","0","0","0","0","0","0","False"
Player State714,"-15","-5","13","0","0","0","0","0","0","False"
Player State715,"-15","-5","13","0","0","0","0","0","0","False"
Player State716,"-15","-5","13","0","0","0","0","0","0","False"
Player State717,"-15","-5","13","0","0","0","0","0","0","False"
Player State718,"-15","-5","13","0","0","0","0","0","0","False"
Player State719,"-15","-5","13","0","0","0","0","0","0","False"
Player State720,"-15","-5","13","0","0","0","0","0","0","False"
Player State721,"-15","-5","13","0","0","0","0","0","0","False"
Player State722,"-15","-5","13","0","0","0","0","0","0","False"
Player State723,"-15","-5","13","0","0","0","0","0","0","False"
Player State724,"-15","-5","13","0","0","0","0","0","0","False"
Player State725,"-15","-5","13","0","0","0","0","0","0","False"
Player State726,"-15","-5","13","0","0","0","0","0","0","False"
Player State727,"-15","-5","13","0","0","0","0","0","0","False"
Player State728,"-15","-5","13","0","0","0","0","0","0","False"
Player State729,"-15","-5","13","0","0","0","0","0","0","False"
Player State730,"-15","-5","13","0","0","0","0","0","0","False"
Player State731,"-15","-5","13","0","0","0","0","0","0","False"
Player State732,"-15","-5","13","0","0","0","0","0","0","False"
Player State733,"-15","-5","13","0","0","0","0","0","0","False"
Player State734,"-15","-5","13","0","0","0","0","0","0","False"
Player State735,"-15","-5","13","0","0","0","0","0","0","False"
Player State736,"-15","-5","13","0","0","0","0","0","0","False"
Player State737,"-15","-5","13","0","0","0","0","0","0","False"
Player State738,"-15","-5","13","0","0","0","0","0","0","False"
Player State739,"-15","-5","13","0","0","0","0","0","0","False"
Player State740,"-15","-5","13","0","0","0","0","0","0","False"
Player State741,"-15","-5","13","0","0","0","0","0","0","False"
Player State742,"-15","-5","13","0","0","0","0","0","0","False"
Player State743,"-15","-5","13","0","0","0","0","0","0","False"
Player State744,"-15","-5","13","0","0","0","0","0","0","False"
Player State745,"-15","-5","13","0","0","0","0","0","0","False"
Player State746,"-15","-5","13","0","0","0","0","0","0","False"
Player State747,"-15","-5","13","0","0","0","0","0","0","False"
Player State748,"-15","-5","13","0","0","0","0","0","0","False"
Player State749,"-15","-5","13","0","0","0","0","0","0","False"
Player State750,"-15","-5","13","0","0","0","0","0","0","False"
Player State751,"-15","-5","13","0","0","0","0","0","0","False"
Player State752,"-15","-5","13","0","0","0","0","0","0","False"
Player State753,"-15","-5","13","0","0","0","0","0","0","False"
Player State754,"-15","-5","13","0","0","0","0","0","0","False"
Player State755,"-15","-5","13","0","0","0","0","0","0","False"
Player State756,"-15","-5","13","0","0","0","0","0","0","False"
Player State757,"-15","-5","13","0","0","0","0","0","0","False"
Player State758,"-15","-5","13","0","0","0","0","0","0","False"
Player State759,"-15","-5","13","0","0","0","0","0","0","False"
Player State760,"-15","-5","13","0","0","0","0","0","0","False"
Player State761,"-15","-5","13","0","0","0","0","0","0","False"
Player State762,"-15","-5","13","0","0","0","0","0","0","False"
Player State763,"-15","-5","13","0","0","0","0","0","0","False"
Player State764,"-15","-5","13","0","0","0","0","0","0","False"
Player State765,"-15","-5","13","0","0","0","0","0","0","False"
Player State766,"-15","-5","13","0","0","0","0","0","0","False"
Player State767,"-15","-5","13","0","0","0","0","0","0","False"
Player State768,"-15","-5","13","0","0","0","0","0","0","False"
Player State769,"-15","-5","13","0","0","0","0","0","0","False"
Player State770,"-15","-5","13","0","0","0","0","0","0","False"
Player State771,"-15","-5","13","0","0","0","0","0","0","False"
Player State772,"-15","-5","13","0","0","0","0","0","0","False"
Player State773,"-15","-5","13","0","0","0","0","0","0","False"
Player State774,"-15","-5","13","0","0","0","0","0","0","False"
Player State775,"-15","-5","13","0","0","0","0","0","0","False"
Player State776,"-15","-5","13","0","0","0","0","0","0","False"
Player State777,"-15","-5","13","0","0","0","0","0","0","False"
Player State778,"-15","-5","13","0","0","0","0","0","0","False"
Player State779,"-15","-5","13","0","0","0","0","0","0","False"
Player State780,"-15","-5","13","0","0","0","0","0","0","False"
Player State781,"-15","-5","13","0","0","0","0","0","0","False"
Player State782,"12","6","13","-2","5","2","0","3","0","False"
Player State783,"12","6","13","-2","5","2","0","3","0","False"
Player State784,"12","6","13","-2","5","2","0","3","0","False"
Player State785,"11","6","13","-2","5","2","0","3","0","False"
Player State786,"11","6","13","-2","5","2","0","3","0","False"
Player State787,"11","6","13","-2","5","2","0","3","0","False"
Player State788,"11","6","13","-2","5","2","0","3","0","False"
Player State789,"11","6","13","-2","5","2","0","3","0","False"
Player State790,"11","6","13","-2","5","1","0","3","0","False"
Player State791,"11","6","13","-2","5","1","0","3","0","False"
Player State792,"11","6","13","-2","5","1","0","3","0","False"
Player State793,"11","6","13","-2","5","1","0","3","0","False"
Player State794,"11","7","13","-2","5","1","0","3","0","False"
Player State795,"11","7","13","-2","5","1","0","3","0","False"
Player State796,"11","7","13","-2","5","1","0","3","0","False"
Player State797,"11","7","13","-2","5","1","0","3","0","False"
Player State798,"11","7","13","-2","5","1","0","3","0","False"
Player State799,"11","7","13","-2","5","0","0","3","0","False"
Player State800,"11","7","13","-2","5","0","0","3","0","False"
Player State801,"11","7","13","-2","5","0","0","3","0","False"
Player State802,"11","7","13","-2","5","0","0","3","0","False"
Player State803,"11","7","13","-2","4","0","0","3","0","False"
Player State804,"11","7","13","-2","4","0","0","3","0","False"
Player State805,"11","7","13","-2","4","0","0","3","0","False"
Player State806,"11","7","13","-2","4","0","0","3","0","False"
Player State807,"11","7","13","-2","4","0","0","3","0","False"
Player State808,"11","7","13","-2","4","0","0","3","0","False"
Player State809,"11","7","13","-2","4","0","0","3","0","False"
Player State810,"11","7","13","-2","4","0","0","3","0","False"
Player State811,"11","7","13","-2","3","0","0","3","0","False"
Player State812,"11","7","13","-2","3","0","0","3","0","False"
Player State813,"11","7","13","-2","3","0","0","3","0","False"
Player State814,"11","7","13","-2","3","0","0","3","0","False"
Player State815,"11","7","13","-1","3","0","0","3","0","False"
Player State816,"11","7","13","-1","3","0","0","3","0","False"
Player State817,"11","7","13","-1","3","0","0","3","0","False"
Player State818,"11","7","13","-1","3","-1","0","3","0","False"
Player State819,"11","7","13","-1","3","-1","0","3","0","False"
Player State820,"11","7","13","-1","3","-1","0","3","0","False"
Player State821,"11","7","13","-1","3","-1","0","3","0","False"
Player State822,"11","7","13","-1","2","-1","0","3","0","False"
Player State823,"11","7","13","-1","2","-1","0","3","0","False"
Player State824,"11","7","13","-1","2","-1","0","3","0","False"
Player State825,"11","7","13","-1","2","-1","0","3","0","False"
Player State826,"11","7","13","-1","2","-1","0","3","0","False"
Player State827,"11","7","13","-1","2","-2","0","3","0","False"
Player State828,"11","7","13","-1","2","-2","0","3","0","False"
Player State829,"11","7","13","-1","2","-2","0","3","0","False"
Player State830,"11","7","13","-1","2","-2","0","3","0","False"
Player State831,"11","7","13","-1","2","-2","0","3","0","False"
Player State832,"11","7","13","-1","1","-2","0","3","0","False"
Player State833,"11","7","13","-1","1","-2","0","3","0","False"
Player State834,"11","7","13","0","1","-2","0","3","0","False"
Player State835,"11","7","13","0","1","-2","0","3","0","False"
Player State836,"11","7","13","0","1","-2","0","3","0","False"
Player State837,"11","8","13","0","1","-3","0","3","0","False"
Player State838,"11","8","13","0","1","-3","0","3","0","False"
Player State839,"11","8","13","0","1","-3","0","3","0","False"
Player State840,"11","8","13","0","1","-3","0","3","0","False"
Player State841,"11","8","13","0","1","-3","0","3","0","False"
Player State842,"11","8","13","0","1","-3","0","3","0","False"
Player State843,"11","8","13","0","0","-3","0","3","0","False"
Player State844,"11","8","13","0","0","-3","0","3","0","False"
Player State845,"11","8","13","0","0","-3","0","3","0","False"
Player State846,"11","8","13","0","0","-4","0","3","0","False"
Player State847,"11","8","13","0","0","-4","0","3","0","False"
Player State848,"11","8","13","0","0","-4","0","3","0","False"
Player State849,"11","8","13","0","0","-4","0","3","0","False"
Player State850,"11","8","13","0","0","-4","0","3","0","False"
Player State851,"11","8","13","0","0","-4","0","3","0","False"
Player State852,"11","8","13","0","0","-4","0","3","0","False"
Player State853,"11","8","13","0","0","-4","0","3","0","False"
Player State854,"11","8","13","0","0","-4","0","3","0","False"
Player State855,"11","8","13","0","0","-5","0","3","0","False"
Player State856,"11","8","13","0","0","-5","0","3","0","False"
Player State857,"11","8","12","0","0","-5","0","3","0","False"
Player State858,"11","8","12","0","0","-5","0","3","0","False"
Player State859,"11","8","12","0","0","-5","0","3","0","False"
Player State860,"11","8","12","0","0","-5","0","3","0","False"
Player State861,"11","8","12","0","0","-5","0","3","0","False"
Player State862,"11","8","12","0","0","-5","0","3","0","False"
Player State863,"11","8","12","0","0","-5","0","3","0","False"
Player State864,"11","8","12","0","0","-6","0","3","0","False"
Player State865,"11","8","12","0","0","-6","0","3","0","False"
Player State866,"11","8","12","0","0","-6","0","3","0","False"
Player State867,"11","8","12","0","0","-6","0","3","0","False"
Player State868,"11","8","12","0","0","-6","0","3","0","False"
Player State869,"11","8","12","0","0","-6","0","3","0","False"
Player State870,"11","8","12","0","0","-6","0","3","0","False"
Player State871,"11","8","12","0","0","-6","0","3","0","False"
Player State872,"11","8","12","0","0","-7","0","3","0","False"
Player State873,"11","8","12","0","0","-7","0","3","0","False"
Player State874,"11","8","12","0","0","-7","0","3","0","False"
Player State875,"11","8","12","0","0","-7","0","3","0","False"
Player State876,"11","8","12","0","0","-7","0","3","0","False"
Player State877,"11","8","12","0","0","0","0","3","0","False"
Player State878,"11","8","12","0","0","0","0","3","0","False"
Player State879,"11","8","12","0","0","0","0","3","0","False"
Player State880,"11","8","12","0","0","0","0","3","0","False"
Player State881,"11","8","12","0","0","0","0","3","0","False"
Player State882,"11","8","12","0","0","0","0","3","0","False"
Player State883,"11","8","12","0","0","0","0","3","0","False"
Player State884,"11","8","12","0","0","0","0","3","0","False"
Player State885,"11","8","12","0","0","0","0","3","0","False"
Player State886,"11","8","12","0","0","0","0","3","0","False"
Player State887,"11","8","12","0","0","0","0","3","0","False"
Player State888,"11","8","12","0","0","0","0","3","0","False"
Player State889,"11","8","12","0","0","0","0","3","0","False"
Player State890,"11","8","12","0","0","0","0","3","0","False"
Player State891,"11","8","12","0","0","0","0","3","0","False"
Player State892,"11","8","12","0","0","0","0","3","0","False"
Player State893,"11","8","12","0","0","0","0","3","0","False"
Player State894,"11","8","12","0","0","0","0","3","0","False"
Player State895,"11","8","12","0","0","0","0","3","0","False"
Player State896,"11","8","12","0","0","0","0","3","0","False"
Player State897,"11","8","12","0","0","0","0","3","0","False"
Player State898,"11","8","12","0","0","0","0","3","0","False"
Player State899,"11","8","12","0","0","0","0","3","0","False"
Player State900,"11","8","12","0","0","0","0","3","0","False"
